date,leading_momentum
01/01/2004,-1.51
02/01/2004,-1.55
05/01/2004,-1.59
06/01/2004,-1.61
07/01/2004,-1.62
08/01/2004,-1.62
09/01/2004,-1.62
12/01/2004,-1.61
13/01/2004,-1.6
14/01/2004,-1.58
15/01/2004,-1.57
16/01/2004,-1.55
19/01/2004,-1.53
20/01/2004,-1.5
21/01/2004,-1.45
22/01/2004,-1.4
23/01/2004,-1.35
26/01/2004,-1.29
27/01/2004,-1.23
28/01/2004,-1.17
29/01/2004,-1.12
30/01/2004,-1.07
02/02/2004,-1.03
03/02/2004,-0.99
04/02/2004,-0.93
05/02/2004,-0.88
06/02/2004,-0.82
09/02/2004,-0.76
10/02/2004,-0.71
11/02/2004,-0.65
12/02/2004,-0.6
13/02/2004,-0.54
16/02/2004,-0.49
17/02/2004,-0.45
18/02/2004,-0.41
19/02/2004,-0.36
20/02/2004,-0.31
23/02/2004,-0.25
24/02/2004,-0.2
25/02/2004,-0.14
26/02/2004,-0.08
27/02/2004,-0.01
01/03/2004,0.04
02/03/2004,0.1
03/03/2004,0.16
04/03/2004,0.21
05/03/2004,0.25
08/03/2004,0.3
09/03/2004,0.35
10/03/2004,0.41
11/03/2004,0.47
12/03/2004,0.53
15/03/2004,0.59
16/03/2004,0.63
17/03/2004,0.67
18/03/2004,0.72
19/03/2004,0.75
22/03/2004,0.79
23/03/2004,0.81
24/03/2004,0.85
25/03/2004,0.89
26/03/2004,0.93
29/03/2004,0.96
30/03/2004,0.99
31/03/2004,1
01/04/2004,1
02/04/2004,1.01
05/04/2004,1.01
06/04/2004,1.01
07/04/2004,1
08/04/2004,0.99
09/04/2004,0.98
12/04/2004,0.97
13/04/2004,0.97
14/04/2004,0.96
15/04/2004,0.96
16/04/2004,0.96
19/04/2004,0.97
20/04/2004,0.98
21/04/2004,1
22/04/2004,1.02
23/04/2004,1.04
26/04/2004,1.07
27/04/2004,1.09
28/04/2004,1.11
29/04/2004,1.16
30/04/2004,1.2
03/05/2004,1.25
04/05/2004,1.29
05/05/2004,1.32
06/05/2004,1.36
07/05/2004,1.4
10/05/2004,1.44
11/05/2004,1.49
12/05/2004,1.54
13/05/2004,1.59
14/05/2004,1.65
17/05/2004,1.71
18/05/2004,1.77
19/05/2004,1.82
20/05/2004,1.86
21/05/2004,1.91
24/05/2004,1.95
25/05/2004,1.98
26/05/2004,2
27/05/2004,2.02
28/05/2004,2.04
31/05/2004,2.06
01/06/2004,2.06
02/06/2004,2.07
03/06/2004,2.07
04/06/2004,2.08
07/06/2004,2.09
08/06/2004,2.1
09/06/2004,2.1
10/06/2004,2.1
11/06/2004,2.09
14/06/2004,2.07
15/06/2004,2.06
16/06/2004,2.05
17/06/2004,2.07
18/06/2004,2.09
21/06/2004,2.11
22/06/2004,2.13
23/06/2004,2.14
24/06/2004,2.15
25/06/2004,2.15
28/06/2004,2.15
29/06/2004,2.14
30/06/2004,2.14
01/07/2004,2.13
02/07/2004,2.12
05/07/2004,2.13
06/07/2004,2.15
07/07/2004,2.16
08/07/2004,2.16
09/07/2004,2.17
12/07/2004,2.17
13/07/2004,2.18
14/07/2004,2.19
15/07/2004,2.19
16/07/2004,2.18
19/07/2004,2.16
20/07/2004,2.13
21/07/2004,2.1
22/07/2004,2.09
23/07/2004,2.08
26/07/2004,2.07
27/07/2004,2.05
28/07/2004,2
29/07/2004,1.96
30/07/2004,1.93
02/08/2004,1.9
03/08/2004,1.87
04/08/2004,1.86
05/08/2004,1.83
06/08/2004,1.81
09/08/2004,1.79
10/08/2004,1.79
11/08/2004,1.78
12/08/2004,1.77
13/08/2004,1.77
16/08/2004,1.74
17/08/2004,1.72
18/08/2004,1.71
19/08/2004,1.69
20/08/2004,1.66
23/08/2004,1.64
24/08/2004,1.61
25/08/2004,1.59
26/08/2004,1.58
27/08/2004,1.58
30/08/2004,1.58
31/08/2004,1.58
01/09/2004,1.56
02/09/2004,1.54
03/09/2004,1.51
06/09/2004,1.47
07/09/2004,1.44
08/09/2004,1.39
09/09/2004,1.34
10/09/2004,1.3
13/09/2004,1.25
14/09/2004,1.2
15/09/2004,1.15
16/09/2004,1.09
17/09/2004,1.03
20/09/2004,0.96
21/09/2004,0.89
22/09/2004,0.81
23/09/2004,0.74
24/09/2004,0.68
27/09/2004,0.61
28/09/2004,0.54
29/09/2004,0.48
30/09/2004,0.42
01/10/2004,0.35
04/10/2004,0.27
05/10/2004,0.2
06/10/2004,0.11
07/10/2004,0.03
08/10/2004,-0.05
11/10/2004,-0.13
12/10/2004,-0.2
13/10/2004,-0.27
14/10/2004,-0.33
15/10/2004,-0.39
18/10/2004,-0.46
19/10/2004,-0.52
20/10/2004,-0.59
21/10/2004,-0.64
22/10/2004,-0.7
25/10/2004,-0.75
26/10/2004,-0.82
27/10/2004,-0.86
28/10/2004,-0.92
29/10/2004,-0.97
01/11/2004,-1.01
02/11/2004,-1.05
03/11/2004,-1.1
04/11/2004,-1.19
05/11/2004,-1.27
08/11/2004,-1.36
09/11/2004,-1.44
10/11/2004,-1.52
11/11/2004,-1.6
12/11/2004,-1.67
15/11/2004,-1.74
16/11/2004,-1.8
17/11/2004,-1.87
18/11/2004,-1.94
19/11/2004,-2.01
22/11/2004,-2.08
23/11/2004,-2.16
24/11/2004,-2.23
25/11/2004,-2.31
26/11/2004,-2.37
29/11/2004,-2.44
30/11/2004,-2.5
01/12/2004,-2.58
02/12/2004,-2.66
03/12/2004,-2.75
06/12/2004,-2.81
07/12/2004,-2.87
08/12/2004,-2.92
09/12/2004,-2.98
10/12/2004,-3.04
13/12/2004,-3.09
14/12/2004,-3.14
15/12/2004,-3.16
16/12/2004,-3.19
17/12/2004,-3.21
20/12/2004,-3.23
21/12/2004,-3.26
22/12/2004,-3.29
23/12/2004,-3.32
24/12/2004,-3.36
27/12/2004,-3.39
28/12/2004,-3.42
29/12/2004,-3.44
30/12/2004,-3.48
31/12/2004,-3.51
03/01/2005,-3.53
04/01/2005,-3.54
05/01/2005,-3.56
06/01/2005,-3.56
07/01/2005,-3.57
10/01/2005,-3.59
11/01/2005,-3.6
12/01/2005,-3.6
13/01/2005,-3.6
14/01/2005,-3.62
17/01/2005,-3.64
18/01/2005,-3.65
19/01/2005,-3.65
20/01/2005,-3.65
21/01/2005,-3.64
24/01/2005,-3.64
25/01/2005,-3.64
26/01/2005,-3.63
27/01/2005,-3.62
28/01/2005,-3.61
31/01/2005,-3.59
01/02/2005,-3.57
02/02/2005,-3.55
03/02/2005,-3.54
04/02/2005,-3.53
07/02/2005,-3.51
08/02/2005,-3.5
09/02/2005,-3.46
10/02/2005,-3.43
11/02/2005,-3.41
14/02/2005,-3.39
15/02/2005,-3.36
16/02/2005,-3.33
17/02/2005,-3.29
18/02/2005,-3.24
21/02/2005,-3.2
22/02/2005,-3.15
23/02/2005,-3.09
24/02/2005,-3.03
25/02/2005,-2.98
28/02/2005,-2.92
01/03/2005,-2.89
02/03/2005,-2.86
03/03/2005,-2.82
04/03/2005,-2.8
07/03/2005,-2.78
08/03/2005,-2.75
09/03/2005,-2.73
10/03/2005,-2.71
11/03/2005,-2.7
14/03/2005,-2.68
15/03/2005,-2.67
16/03/2005,-2.64
17/03/2005,-2.61
18/03/2005,-2.59
21/03/2005,-2.57
22/03/2005,-2.56
23/03/2005,-2.54
24/03/2005,-2.51
25/03/2005,-2.48
28/03/2005,-2.44
29/03/2005,-2.43
30/03/2005,-2.42
31/03/2005,-2.42
01/04/2005,-2.41
04/04/2005,-2.41
05/04/2005,-2.43
06/04/2005,-2.44
07/04/2005,-2.45
08/04/2005,-2.46
11/04/2005,-2.46
12/04/2005,-2.46
13/04/2005,-2.46
14/04/2005,-2.44
15/04/2005,-2.44
18/04/2005,-2.43
19/04/2005,-2.43
20/04/2005,-2.42
21/04/2005,-2.42
22/04/2005,-2.41
25/04/2005,-2.41
26/04/2005,-2.41
27/04/2005,-2.41
28/04/2005,-2.42
29/04/2005,-2.42
02/05/2005,-2.42
03/05/2005,-2.42
04/05/2005,-2.44
05/05/2005,-2.46
06/05/2005,-2.5
09/05/2005,-2.55
10/05/2005,-2.59
11/05/2005,-2.62
12/05/2005,-2.65
13/05/2005,-2.67
16/05/2005,-2.71
17/05/2005,-2.74
18/05/2005,-2.78
19/05/2005,-2.82
20/05/2005,-2.86
23/05/2005,-2.89
24/05/2005,-2.93
25/05/2005,-2.97
26/05/2005,-3
27/05/2005,-3.02
30/05/2005,-3.05
31/05/2005,-3.07
01/06/2005,-3.07
02/06/2005,-3.09
03/06/2005,-3.11
06/06/2005,-3.12
07/06/2005,-3.16
08/06/2005,-3.19
09/06/2005,-3.24
10/06/2005,-3.27
13/06/2005,-3.3
14/06/2005,-3.34
15/06/2005,-3.37
16/06/2005,-3.4
17/06/2005,-3.42
20/06/2005,-3.45
21/06/2005,-3.48
22/06/2005,-3.51
23/06/2005,-3.52
24/06/2005,-3.53
27/06/2005,-3.54
28/06/2005,-3.55
29/06/2005,-3.56
30/06/2005,-3.58
01/07/2005,-3.61
04/07/2005,-3.63
05/07/2005,-3.66
06/07/2005,-3.7
07/07/2005,-3.76
08/07/2005,-3.82
11/07/2005,-3.88
12/07/2005,-3.95
13/07/2005,-4
14/07/2005,-4.06
15/07/2005,-4.12
18/07/2005,-4.15
19/07/2005,-4.18
20/07/2005,-4.2
21/07/2005,-4.22
22/07/2005,-4.21
25/07/2005,-4.21
26/07/2005,-4.21
27/07/2005,-4.19
28/07/2005,-4.19
29/07/2005,-4.17
01/08/2005,-4.16
02/08/2005,-4.15
03/08/2005,-4.15
04/08/2005,-4.15
05/08/2005,-4.15
08/08/2005,-4.15
09/08/2005,-4.16
10/08/2005,-4.15
11/08/2005,-4.13
12/08/2005,-4.12
15/08/2005,-4.11
16/08/2005,-4.08
17/08/2005,-4.04
18/08/2005,-4
19/08/2005,-3.95
22/08/2005,-3.9
23/08/2005,-3.85
24/08/2005,-3.79
25/08/2005,-3.73
26/08/2005,-3.67
29/08/2005,-3.62
30/08/2005,-3.56
31/08/2005,-3.52
01/09/2005,-3.51
02/09/2005,-3.5
05/09/2005,-3.49
06/09/2005,-3.47
07/09/2005,-3.44
08/09/2005,-3.4
09/09/2005,-3.36
12/09/2005,-3.32
13/09/2005,-3.28
14/09/2005,-3.25
15/09/2005,-3.21
16/09/2005,-3.18
19/09/2005,-3.15
20/09/2005,-3.11
21/09/2005,-3.08
22/09/2005,-3.04
23/09/2005,-3
26/09/2005,-2.95
27/09/2005,-2.9
28/09/2005,-2.85
29/09/2005,-2.81
30/09/2005,-2.76
03/10/2005,-2.72
04/10/2005,-2.68
05/10/2005,-2.64
06/10/2005,-2.6
07/10/2005,-2.56
10/10/2005,-2.52
11/10/2005,-2.49
12/10/2005,-2.44
13/10/2005,-2.39
14/10/2005,-2.34
17/10/2005,-2.3
18/10/2005,-2.26
19/10/2005,-2.25
20/10/2005,-2.22
21/10/2005,-2.19
24/10/2005,-2.17
25/10/2005,-2.12
26/10/2005,-2.08
27/10/2005,-2.02
28/10/2005,-1.97
31/10/2005,-1.91
01/11/2005,-1.85
02/11/2005,-1.78
03/11/2005,-1.72
04/11/2005,-1.66
07/11/2005,-1.61
08/11/2005,-1.55
09/11/2005,-1.5
10/11/2005,-1.44
11/11/2005,-1.39
14/11/2005,-1.34
15/11/2005,-1.29
16/11/2005,-1.24
17/11/2005,-1.18
18/11/2005,-1.12
21/11/2005,-1.05
22/11/2005,-0.98
23/11/2005,-0.91
24/11/2005,-0.83
25/11/2005,-0.76
28/11/2005,-0.68
29/11/2005,-0.6
30/11/2005,-0.52
01/12/2005,-0.45
02/12/2005,-0.37
05/12/2005,-0.32
06/12/2005,-0.26
07/12/2005,-0.21
08/12/2005,-0.17
09/12/2005,-0.13
12/12/2005,-0.11
13/12/2005,-0.09
14/12/2005,-0.08
15/12/2005,-0.05
16/12/2005,-0.03
19/12/2005,-0.01
20/12/2005,0.01
21/12/2005,0.04
22/12/2005,0.06
23/12/2005,0.09
26/12/2005,0.12
27/12/2005,0.15
28/12/2005,0.17
29/12/2005,0.18
30/12/2005,0.19
02/01/2006,0.19
03/01/2006,0.2
04/01/2006,0.2
05/01/2006,0.21
06/01/2006,0.22
09/01/2006,0.23
10/01/2006,0.24
11/01/2006,0.25
12/01/2006,0.26
13/01/2006,0.26
16/01/2006,0.27
17/01/2006,0.27
18/01/2006,0.3
19/01/2006,0.33
20/01/2006,0.38
23/01/2006,0.42
24/01/2006,0.46
25/01/2006,0.48
26/01/2006,0.5
27/01/2006,0.52
30/01/2006,0.54
31/01/2006,0.59
01/02/2006,0.63
02/02/2006,0.67
03/02/2006,0.71
06/02/2006,0.75
07/02/2006,0.79
08/02/2006,0.84
09/02/2006,0.88
10/02/2006,0.93
13/02/2006,0.97
14/02/2006,1.01
15/02/2006,1.04
16/02/2006,1.05
17/02/2006,1.07
20/02/2006,1.08
21/02/2006,1.1
22/02/2006,1.12
23/02/2006,1.15
24/02/2006,1.17
27/02/2006,1.21
28/02/2006,1.22
01/03/2006,1.22
02/03/2006,1.21
03/03/2006,1.21
06/03/2006,1.2
07/03/2006,1.21
08/03/2006,1.22
09/03/2006,1.23
10/03/2006,1.24
13/03/2006,1.23
14/03/2006,1.22
15/03/2006,1.21
16/03/2006,1.2
17/03/2006,1.2
20/03/2006,1.21
21/03/2006,1.21
22/03/2006,1.21
23/03/2006,1.21
24/03/2006,1.21
27/03/2006,1.21
28/03/2006,1.21
29/03/2006,1.22
30/03/2006,1.24
31/03/2006,1.25
03/04/2006,1.26
04/04/2006,1.26
05/04/2006,1.26
06/04/2006,1.26
07/04/2006,1.25
10/04/2006,1.26
11/04/2006,1.26
12/04/2006,1.26
13/04/2006,1.26
14/04/2006,1.26
17/04/2006,1.27
18/04/2006,1.26
19/04/2006,1.26
20/04/2006,1.25
21/04/2006,1.24
24/04/2006,1.24
25/04/2006,1.24
26/04/2006,1.22
27/04/2006,1.2
28/04/2006,1.16
01/05/2006,1.14
02/05/2006,1.12
03/05/2006,1.1
04/05/2006,1.09
05/05/2006,1.08
08/05/2006,1.07
09/05/2006,1.06
10/05/2006,1.04
11/05/2006,1.03
12/05/2006,1.02
15/05/2006,1.01
16/05/2006,1.01
17/05/2006,1
18/05/2006,1.01
19/05/2006,1.02
22/05/2006,1.02
23/05/2006,1.03
24/05/2006,1.03
25/05/2006,1.03
26/05/2006,1.03
29/05/2006,1.03
30/05/2006,1.03
31/05/2006,1.02
01/06/2006,1.02
02/06/2006,1.01
05/06/2006,1
06/06/2006,0.99
07/06/2006,0.99
08/06/2006,0.98
09/06/2006,0.97
12/06/2006,0.96
13/06/2006,0.94
14/06/2006,0.92
15/06/2006,0.91
16/06/2006,0.89
19/06/2006,0.88
20/06/2006,0.84
21/06/2006,0.81
22/06/2006,0.77
23/06/2006,0.74
26/06/2006,0.7
27/06/2006,0.66
28/06/2006,0.62
29/06/2006,0.59
30/06/2006,0.56
03/07/2006,0.54
04/07/2006,0.52
05/07/2006,0.5
06/07/2006,0.5
07/07/2006,0.49
10/07/2006,0.48
11/07/2006,0.47
12/07/2006,0.47
13/07/2006,0.46
14/07/2006,0.46
17/07/2006,0.46
18/07/2006,0.48
19/07/2006,0.5
20/07/2006,0.53
21/07/2006,0.56
24/07/2006,0.58
25/07/2006,0.6
26/07/2006,0.62
27/07/2006,0.63
28/07/2006,0.64
31/07/2006,0.69
01/08/2006,0.74
02/08/2006,0.79
03/08/2006,0.83
04/08/2006,0.87
07/08/2006,0.91
08/08/2006,0.95
09/08/2006,0.99
10/08/2006,1.02
11/08/2006,1.05
14/08/2006,1.09
15/08/2006,1.12
16/08/2006,1.15
17/08/2006,1.18
18/08/2006,1.21
21/08/2006,1.24
22/08/2006,1.27
23/08/2006,1.3
24/08/2006,1.34
25/08/2006,1.36
28/08/2006,1.37
29/08/2006,1.38
30/08/2006,1.39
31/08/2006,1.4
01/09/2006,1.41
04/09/2006,1.42
05/09/2006,1.44
06/09/2006,1.46
07/09/2006,1.48
08/09/2006,1.49
11/09/2006,1.48
12/09/2006,1.48
13/09/2006,1.49
14/09/2006,1.52
15/09/2006,1.55
18/09/2006,1.57
19/09/2006,1.6
20/09/2006,1.62
21/09/2006,1.63
22/09/2006,1.62
25/09/2006,1.62
26/09/2006,1.62
27/09/2006,1.63
28/09/2006,1.63
29/09/2006,1.64
02/10/2006,1.65
03/10/2006,1.65
04/10/2006,1.66
05/10/2006,1.66
06/10/2006,1.66
09/10/2006,1.66
10/10/2006,1.65
11/10/2006,1.66
12/10/2006,1.67
13/10/2006,1.68
16/10/2006,1.68
17/10/2006,1.69
18/10/2006,1.7
19/10/2006,1.7
20/10/2006,1.7
23/10/2006,1.71
24/10/2006,1.71
25/10/2006,1.69
26/10/2006,1.68
27/10/2006,1.66
30/10/2006,1.66
31/10/2006,1.65
01/11/2006,1.65
02/11/2006,1.65
03/11/2006,1.65
06/11/2006,1.65
07/11/2006,1.65
08/11/2006,1.65
09/11/2006,1.65
10/11/2006,1.65
13/11/2006,1.65
14/11/2006,1.66
15/11/2006,1.66
16/11/2006,1.68
17/11/2006,1.69
20/11/2006,1.7
21/11/2006,1.71
22/11/2006,1.71
23/11/2006,1.72
24/11/2006,1.73
27/11/2006,1.75
28/11/2006,1.75
29/11/2006,1.78
30/11/2006,1.8
01/12/2006,1.83
04/12/2006,1.85
05/12/2006,1.87
06/12/2006,1.88
07/12/2006,1.9
08/12/2006,1.91
11/12/2006,1.93
12/12/2006,1.95
13/12/2006,1.98
14/12/2006,2
15/12/2006,2.02
18/12/2006,2.03
19/12/2006,2.03
20/12/2006,2.03
21/12/2006,2.02
22/12/2006,2.02
25/12/2006,2
26/12/2006,1.99
27/12/2006,1.98
28/12/2006,1.96
29/12/2006,1.95
01/01/2007,1.93
02/01/2007,1.91
03/01/2007,1.88
04/01/2007,1.86
05/01/2007,1.84
08/01/2007,1.81
09/01/2007,1.77
10/01/2007,1.74
11/01/2007,1.7
12/01/2007,1.67
15/01/2007,1.65
16/01/2007,1.61
17/01/2007,1.58
18/01/2007,1.55
19/01/2007,1.52
22/01/2007,1.51
23/01/2007,1.49
24/01/2007,1.47
25/01/2007,1.46
26/01/2007,1.45
29/01/2007,1.45
30/01/2007,1.44
31/01/2007,1.42
01/02/2007,1.4
02/02/2007,1.38
05/02/2007,1.36
06/02/2007,1.34
07/02/2007,1.32
08/02/2007,1.3
09/02/2007,1.29
12/02/2007,1.28
13/02/2007,1.27
14/02/2007,1.25
15/02/2007,1.22
16/02/2007,1.18
19/02/2007,1.15
20/02/2007,1.11
21/02/2007,1.08
22/02/2007,1.04
23/02/2007,1.01
26/02/2007,0.99
27/02/2007,0.96
28/02/2007,0.92
01/03/2007,0.88
02/03/2007,0.83
05/03/2007,0.78
06/03/2007,0.73
07/03/2007,0.68
08/03/2007,0.65
09/03/2007,0.62
12/03/2007,0.61
13/03/2007,0.6
14/03/2007,0.59
15/03/2007,0.59
16/03/2007,0.58
19/03/2007,0.57
20/03/2007,0.56
21/03/2007,0.55
22/03/2007,0.56
23/03/2007,0.57
26/03/2007,0.57
27/03/2007,0.57
28/03/2007,0.6
29/03/2007,0.61
30/03/2007,0.63
02/04/2007,0.64
03/04/2007,0.66
04/04/2007,0.67
05/04/2007,0.67
06/04/2007,0.66
09/04/2007,0.66
10/04/2007,0.66
11/04/2007,0.66
12/04/2007,0.67
13/04/2007,0.67
16/04/2007,0.67
17/04/2007,0.67
18/04/2007,0.65
19/04/2007,0.62
20/04/2007,0.59
23/04/2007,0.56
24/04/2007,0.54
25/04/2007,0.51
26/04/2007,0.48
27/04/2007,0.46
30/04/2007,0.44
01/05/2007,0.42
02/05/2007,0.38
03/05/2007,0.34
04/05/2007,0.3
07/05/2007,0.27
08/05/2007,0.24
09/05/2007,0.22
10/05/2007,0.2
11/05/2007,0.18
14/05/2007,0.16
15/05/2007,0.14
16/05/2007,0.14
17/05/2007,0.14
18/05/2007,0.14
21/05/2007,0.14
22/05/2007,0.13
23/05/2007,0.13
24/05/2007,0.12
25/05/2007,0.12
28/05/2007,0.12
29/05/2007,0.12
30/05/2007,0.13
31/05/2007,0.14
01/06/2007,0.16
04/06/2007,0.17
05/06/2007,0.19
06/06/2007,0.21
07/06/2007,0.22
08/06/2007,0.22
11/06/2007,0.22
12/06/2007,0.22
13/06/2007,0.22
14/06/2007,0.22
15/06/2007,0.22
18/06/2007,0.22
19/06/2007,0.24
20/06/2007,0.25
21/06/2007,0.27
22/06/2007,0.28
25/06/2007,0.3
26/06/2007,0.3
27/06/2007,0.32
28/06/2007,0.35
29/06/2007,0.37
02/07/2007,0.4
03/07/2007,0.42
04/07/2007,0.45
05/07/2007,0.49
06/07/2007,0.53
09/07/2007,0.57
10/07/2007,0.61
11/07/2007,0.64
12/07/2007,0.67
13/07/2007,0.71
16/07/2007,0.74
17/07/2007,0.76
18/07/2007,0.8
19/07/2007,0.83
20/07/2007,0.87
23/07/2007,0.91
24/07/2007,0.95
25/07/2007,0.98
26/07/2007,0.99
27/07/2007,1
30/07/2007,1
31/07/2007,0.99
01/08/2007,0.98
02/08/2007,0.98
03/08/2007,0.97
06/08/2007,0.97
07/08/2007,0.95
08/08/2007,0.94
09/08/2007,0.91
10/08/2007,0.87
13/08/2007,0.84
14/08/2007,0.81
15/08/2007,0.78
16/08/2007,0.75
17/08/2007,0.73
20/08/2007,0.7
21/08/2007,0.68
22/08/2007,0.66
23/08/2007,0.64
24/08/2007,0.61
27/08/2007,0.59
28/08/2007,0.57
29/08/2007,0.55
30/08/2007,0.54
31/08/2007,0.53
03/09/2007,0.51
04/09/2007,0.5
05/09/2007,0.52
06/09/2007,0.53
07/09/2007,0.54
10/09/2007,0.56
11/09/2007,0.58
12/09/2007,0.58
13/09/2007,0.59
14/09/2007,0.59
17/09/2007,0.58
18/09/2007,0.58
19/09/2007,0.59
20/09/2007,0.61
21/09/2007,0.63
24/09/2007,0.64
25/09/2007,0.65
26/09/2007,0.64
27/09/2007,0.63
28/09/2007,0.61
01/10/2007,0.59
02/10/2007,0.57
03/10/2007,0.55
04/10/2007,0.51
05/10/2007,0.48
08/10/2007,0.45
09/10/2007,0.41
10/10/2007,0.37
11/10/2007,0.33
12/10/2007,0.29
15/10/2007,0.25
16/10/2007,0.2
17/10/2007,0.16
18/10/2007,0.12
19/10/2007,0.08
22/10/2007,0.04
23/10/2007,0
24/10/2007,-0.03
25/10/2007,-0.06
26/10/2007,-0.09
29/10/2007,-0.12
30/10/2007,-0.15
31/10/2007,-0.2
01/11/2007,-0.24
02/11/2007,-0.29
05/11/2007,-0.33
06/11/2007,-0.38
07/11/2007,-0.42
08/11/2007,-0.46
09/11/2007,-0.49
12/11/2007,-0.53
13/11/2007,-0.56
14/11/2007,-0.59
15/11/2007,-0.64
16/11/2007,-0.69
19/11/2007,-0.74
20/11/2007,-0.79
21/11/2007,-0.84
22/11/2007,-0.89
23/11/2007,-0.94
26/11/2007,-0.98
27/11/2007,-1.03
28/11/2007,-1.08
29/11/2007,-1.15
30/11/2007,-1.23
03/12/2007,-1.32
04/12/2007,-1.4
05/12/2007,-1.5
06/12/2007,-1.59
07/12/2007,-1.67
10/12/2007,-1.76
11/12/2007,-1.84
12/12/2007,-1.92
13/12/2007,-1.99
14/12/2007,-2.05
17/12/2007,-2.12
18/12/2007,-2.19
19/12/2007,-2.26
20/12/2007,-2.32
21/12/2007,-2.4
24/12/2007,-2.47
25/12/2007,-2.54
26/12/2007,-2.59
27/12/2007,-2.63
28/12/2007,-2.68
31/12/2007,-2.74
01/01/2008,-2.79
02/01/2008,-2.85
03/01/2008,-2.92
04/01/2008,-3
07/01/2008,-3.07
08/01/2008,-3.16
09/01/2008,-3.22
10/01/2008,-3.28
11/01/2008,-3.33
14/01/2008,-3.38
15/01/2008,-3.42
16/01/2008,-3.47
17/01/2008,-3.52
18/01/2008,-3.58
21/01/2008,-3.65
22/01/2008,-3.72
23/01/2008,-3.81
24/01/2008,-3.89
25/01/2008,-3.98
28/01/2008,-4.07
29/01/2008,-4.15
30/01/2008,-4.24
31/01/2008,-4.33
01/02/2008,-4.41
04/02/2008,-4.48
05/02/2008,-4.58
06/02/2008,-4.67
07/02/2008,-4.77
08/02/2008,-4.86
11/02/2008,-4.95
12/02/2008,-5.03
13/02/2008,-5.11
14/02/2008,-5.18
15/02/2008,-5.24
18/02/2008,-5.29
19/02/2008,-5.34
20/02/2008,-5.39
21/02/2008,-5.42
22/02/2008,-5.45
25/02/2008,-5.47
26/02/2008,-5.49
27/02/2008,-5.5
28/02/2008,-5.5
29/02/2008,-5.51
03/03/2008,-5.52
04/03/2008,-5.54
05/03/2008,-5.54
06/03/2008,-5.57
07/03/2008,-5.59
10/03/2008,-5.62
11/03/2008,-5.65
12/03/2008,-5.67
13/03/2008,-5.7
14/03/2008,-5.72
17/03/2008,-5.73
18/03/2008,-5.73
19/03/2008,-5.73
20/03/2008,-5.72
21/03/2008,-5.71
24/03/2008,-5.71
25/03/2008,-5.69
26/03/2008,-5.69
27/03/2008,-5.68
28/03/2008,-5.72
31/03/2008,-5.75
01/04/2008,-5.77
02/04/2008,-5.83
03/04/2008,-5.88
04/04/2008,-5.93
07/04/2008,-5.98
08/04/2008,-6.05
09/04/2008,-6.11
10/04/2008,-6.16
11/04/2008,-6.21
14/04/2008,-6.27
15/04/2008,-6.33
16/04/2008,-6.37
17/04/2008,-6.38
18/04/2008,-6.38
21/04/2008,-6.38
22/04/2008,-6.37
23/04/2008,-6.37
24/04/2008,-6.37
25/04/2008,-6.37
28/04/2008,-6.37
29/04/2008,-6.4
30/04/2008,-6.45
01/05/2008,-6.49
02/05/2008,-6.54
05/05/2008,-6.58
06/05/2008,-6.62
07/05/2008,-6.67
08/05/2008,-6.69
09/05/2008,-6.7
12/05/2008,-6.72
13/05/2008,-6.74
14/05/2008,-6.77
15/05/2008,-6.8
16/05/2008,-6.82
19/05/2008,-6.83
20/05/2008,-6.83
21/05/2008,-6.83
22/05/2008,-6.84
23/05/2008,-6.83
26/05/2008,-6.82
27/05/2008,-6.8
28/05/2008,-6.81
29/05/2008,-6.85
30/05/2008,-6.9
02/06/2008,-6.95
03/06/2008,-7.02
04/06/2008,-7.07
05/06/2008,-7.13
06/06/2008,-7.19
09/06/2008,-7.22
10/06/2008,-7.23
11/06/2008,-7.26
12/06/2008,-7.27
13/06/2008,-7.29
16/06/2008,-7.31
17/06/2008,-7.32
18/06/2008,-7.32
19/06/2008,-7.3
20/06/2008,-7.27
23/06/2008,-7.25
24/06/2008,-7.21
25/06/2008,-7.17
26/06/2008,-7.15
27/06/2008,-7.12
30/06/2008,-7.1
01/07/2008,-7.09
02/07/2008,-7.07
03/07/2008,-7.05
04/07/2008,-7.04
07/07/2008,-7.04
08/07/2008,-7.04
09/07/2008,-7.01
10/07/2008,-7
11/07/2008,-6.97
14/07/2008,-6.95
15/07/2008,-6.94
16/07/2008,-6.91
17/07/2008,-6.89
18/07/2008,-6.85
21/07/2008,-6.81
22/07/2008,-6.77
23/07/2008,-6.74
24/07/2008,-6.72
25/07/2008,-6.7
28/07/2008,-6.68
29/07/2008,-6.67
30/07/2008,-6.71
31/07/2008,-6.76
01/08/2008,-6.81
04/08/2008,-6.87
05/08/2008,-6.93
06/08/2008,-6.99
07/08/2008,-7.07
08/08/2008,-7.14
11/08/2008,-7.2
12/08/2008,-7.26
13/08/2008,-7.33
14/08/2008,-7.39
15/08/2008,-7.42
18/08/2008,-7.46
19/08/2008,-7.49
20/08/2008,-7.49
21/08/2008,-7.5
22/08/2008,-7.51
25/08/2008,-7.52
26/08/2008,-7.5
27/08/2008,-7.5
28/08/2008,-7.52
29/08/2008,-7.54
01/09/2008,-7.56
02/09/2008,-7.57
03/09/2008,-7.58
04/09/2008,-7.6
05/09/2008,-7.61
08/09/2008,-7.63
09/09/2008,-7.64
10/09/2008,-7.63
11/09/2008,-7.61
12/09/2008,-7.59
15/09/2008,-7.57
16/09/2008,-7.52
17/09/2008,-7.45
18/09/2008,-7.37
19/09/2008,-7.29
22/09/2008,-7.21
23/09/2008,-7.13
24/09/2008,-7.05
25/09/2008,-7
26/09/2008,-6.95
29/09/2008,-6.89
30/09/2008,-6.84
01/10/2008,-6.79
02/10/2008,-6.75
03/10/2008,-6.7
06/10/2008,-6.68
07/10/2008,-6.66
08/10/2008,-6.63
09/10/2008,-6.6
10/10/2008,-6.57
13/10/2008,-6.55
14/10/2008,-6.53
15/10/2008,-6.5
16/10/2008,-6.44
17/10/2008,-6.38
20/10/2008,-6.3
21/10/2008,-6.23
22/10/2008,-6.17
23/10/2008,-6.1
24/10/2008,-6.03
27/10/2008,-5.99
28/10/2008,-5.95
29/10/2008,-5.91
30/10/2008,-5.89
31/10/2008,-5.87
03/11/2008,-5.84
04/11/2008,-5.83
05/11/2008,-5.81
06/11/2008,-5.84
07/11/2008,-5.89
10/11/2008,-5.93
11/11/2008,-5.96
12/11/2008,-5.99
13/11/2008,-6.01
14/11/2008,-6.04
17/11/2008,-6.06
18/11/2008,-6.08
19/11/2008,-6.09
20/11/2008,-6.1
21/11/2008,-6.1
24/11/2008,-6.1
25/11/2008,-6.1
26/11/2008,-6.14
27/11/2008,-6.15
28/11/2008,-6.18
01/12/2008,-6.22
02/12/2008,-6.25
03/12/2008,-6.29
04/12/2008,-6.34
05/12/2008,-6.4
08/12/2008,-6.46
09/12/2008,-6.52
10/12/2008,-6.58
11/12/2008,-6.62
12/12/2008,-6.65
15/12/2008,-6.68
16/12/2008,-6.7
17/12/2008,-6.66
18/12/2008,-6.62
19/12/2008,-6.57
22/12/2008,-6.54
23/12/2008,-6.5
24/12/2008,-6.46
25/12/2008,-6.41
26/12/2008,-6.37
29/12/2008,-6.33
30/12/2008,-6.3
31/12/2008,-6.26
01/01/2009,-6.23
02/01/2009,-6.21
05/01/2009,-6.19
06/01/2009,-6.18
07/01/2009,-6.2
08/01/2009,-6.21
09/01/2009,-6.21
12/01/2009,-6.22
13/01/2009,-6.22
14/01/2009,-6.21
15/01/2009,-6.18
16/01/2009,-6.16
19/01/2009,-6.13
20/01/2009,-6.1
21/01/2009,-6.09
22/01/2009,-6.07
23/01/2009,-6.04
26/01/2009,-6.02
27/01/2009,-5.99
28/01/2009,-5.97
29/01/2009,-5.95
30/01/2009,-5.95
02/02/2009,-5.94
03/02/2009,-5.93
04/02/2009,-5.93
05/02/2009,-5.94
06/02/2009,-5.94
09/02/2009,-5.95
10/02/2009,-5.95
11/02/2009,-5.97
12/02/2009,-5.97
13/02/2009,-5.96
16/02/2009,-5.93
17/02/2009,-5.91
18/02/2009,-5.88
19/02/2009,-5.85
20/02/2009,-5.82
23/02/2009,-5.79
24/02/2009,-5.76
25/02/2009,-5.74
26/02/2009,-5.73
27/02/2009,-5.73
02/03/2009,-5.71
03/03/2009,-5.7
04/03/2009,-5.69
05/03/2009,-5.71
06/03/2009,-5.73
09/03/2009,-5.76
10/03/2009,-5.79
11/03/2009,-5.83
12/03/2009,-5.85
13/03/2009,-5.87
16/03/2009,-5.89
17/03/2009,-5.91
18/03/2009,-5.94
19/03/2009,-5.96
20/03/2009,-5.98
23/03/2009,-5.99
24/03/2009,-6
25/03/2009,-6
26/03/2009,-6
27/03/2009,-6
30/03/2009,-5.99
31/03/2009,-5.98
01/04/2009,-5.97
02/04/2009,-5.95
03/04/2009,-5.93
06/04/2009,-5.9
07/04/2009,-5.87
08/04/2009,-5.84
09/04/2009,-5.8
10/04/2009,-5.77
13/04/2009,-5.75
14/04/2009,-5.72
15/04/2009,-5.67
16/04/2009,-5.63
17/04/2009,-5.59
20/04/2009,-5.54
21/04/2009,-5.49
22/04/2009,-5.45
23/04/2009,-5.4
24/04/2009,-5.34
27/04/2009,-5.28
28/04/2009,-5.21
29/04/2009,-5.14
30/04/2009,-5.07
01/05/2009,-5
04/05/2009,-4.93
05/05/2009,-4.85
06/05/2009,-4.78
07/05/2009,-4.7
08/05/2009,-4.62
11/05/2009,-4.54
12/05/2009,-4.47
13/05/2009,-4.41
14/05/2009,-4.35
15/05/2009,-4.3
18/05/2009,-4.24
19/05/2009,-4.19
20/05/2009,-4.14
21/05/2009,-4.08
22/05/2009,-4
25/05/2009,-3.92
26/05/2009,-3.83
27/05/2009,-3.73
28/05/2009,-3.63
29/05/2009,-3.52
01/06/2009,-3.41
02/06/2009,-3.29
03/06/2009,-3.18
04/06/2009,-3.06
05/06/2009,-2.94
08/06/2009,-2.82
09/06/2009,-2.7
10/06/2009,-2.57
11/06/2009,-2.45
12/06/2009,-2.33
15/06/2009,-2.23
16/06/2009,-2.14
17/06/2009,-2.06
18/06/2009,-1.99
19/06/2009,-1.92
22/06/2009,-1.85
23/06/2009,-1.78
24/06/2009,-1.7
25/06/2009,-1.63
26/06/2009,-1.55
29/06/2009,-1.47
30/06/2009,-1.38
01/07/2009,-1.29
02/07/2009,-1.21
03/07/2009,-1.14
06/07/2009,-1.09
07/07/2009,-1.02
08/07/2009,-0.96
09/07/2009,-0.9
10/07/2009,-0.84
13/07/2009,-0.78
14/07/2009,-0.73
15/07/2009,-0.69
16/07/2009,-0.63
17/07/2009,-0.59
20/07/2009,-0.54
21/07/2009,-0.51
22/07/2009,-0.47
23/07/2009,-0.4
24/07/2009,-0.32
27/07/2009,-0.25
28/07/2009,-0.16
29/07/2009,-0.04
30/07/2009,0.08
31/07/2009,0.2
03/08/2009,0.31
04/08/2009,0.43
05/08/2009,0.57
06/08/2009,0.71
07/08/2009,0.84
10/08/2009,0.97
11/08/2009,1.09
12/08/2009,1.2
13/08/2009,1.33
14/08/2009,1.46
17/08/2009,1.57
18/08/2009,1.67
19/08/2009,1.78
20/08/2009,1.87
21/08/2009,1.96
24/08/2009,2.04
25/08/2009,2.13
26/08/2009,2.2
27/08/2009,2.28
28/08/2009,2.37
31/08/2009,2.45
01/09/2009,2.54
02/09/2009,2.6
03/09/2009,2.66
04/09/2009,2.72
07/09/2009,2.77
08/09/2009,2.82
09/09/2009,2.88
10/09/2009,2.93
11/09/2009,2.99
14/09/2009,3.03
15/09/2009,3.07
16/09/2009,3.09
17/09/2009,3.1
18/09/2009,3.11
21/09/2009,3.12
22/09/2009,3.13
23/09/2009,3.12
24/09/2009,3.11
25/09/2009,3.1
28/09/2009,3.1
29/09/2009,3.11
30/09/2009,3.13
01/10/2009,3.16
02/10/2009,3.19
05/10/2009,3.22
06/10/2009,3.26
07/10/2009,3.29
08/10/2009,3.31
09/10/2009,3.34
12/10/2009,3.36
13/10/2009,3.39
14/10/2009,3.41
15/10/2009,3.44
16/10/2009,3.46
19/10/2009,3.46
20/10/2009,3.45
21/10/2009,3.43
22/10/2009,3.4
23/10/2009,3.37
26/10/2009,3.34
27/10/2009,3.32
28/10/2009,3.3
29/10/2009,3.28
30/10/2009,3.27
02/11/2009,3.28
03/11/2009,3.28
04/11/2009,3.3
05/11/2009,3.33
06/11/2009,3.36
09/11/2009,3.38
10/11/2009,3.4
11/11/2009,3.4
12/11/2009,3.41
13/11/2009,3.42
16/11/2009,3.41
17/11/2009,3.39
18/11/2009,3.38
19/11/2009,3.38
20/11/2009,3.37
23/11/2009,3.36
24/11/2009,3.33
25/11/2009,3.31
26/11/2009,3.3
27/11/2009,3.29
30/11/2009,3.28
01/12/2009,3.28
02/12/2009,3.29
03/12/2009,3.3
04/12/2009,3.31
07/12/2009,3.32
08/12/2009,3.34
09/12/2009,3.37
10/12/2009,3.38
11/12/2009,3.39
14/12/2009,3.4
15/12/2009,3.4
16/12/2009,3.38
17/12/2009,3.35
18/12/2009,3.31
21/12/2009,3.27
22/12/2009,3.23
23/12/2009,3.18
24/12/2009,3.14
25/12/2009,3.1
28/12/2009,3.06
29/12/2009,3.02
30/12/2009,2.99
31/12/2009,2.96
01/01/2010,2.93
04/01/2010,2.91
05/01/2010,2.9
06/01/2010,2.9
07/01/2010,2.9
08/01/2010,2.9
11/01/2010,2.91
12/01/2010,2.91
13/01/2010,2.91
14/01/2010,2.9
15/01/2010,2.89
18/01/2010,2.87
19/01/2010,2.84
20/01/2010,2.84
21/01/2010,2.83
22/01/2010,2.83
25/01/2010,2.82
26/01/2010,2.81
27/01/2010,2.82
28/01/2010,2.82
29/01/2010,2.86
01/02/2010,2.9
02/02/2010,2.95
03/02/2010,3
04/02/2010,3.07
05/02/2010,3.15
08/02/2010,3.23
09/02/2010,3.3
10/02/2010,3.38
11/02/2010,3.46
12/02/2010,3.53
15/02/2010,3.6
16/02/2010,3.66
17/02/2010,3.71
18/02/2010,3.76
19/02/2010,3.79
22/02/2010,3.82
23/02/2010,3.83
24/02/2010,3.86
25/02/2010,3.89
26/02/2010,3.94
01/03/2010,3.97
02/03/2010,4
03/03/2010,4.04
04/03/2010,4.09
05/03/2010,4.13
08/03/2010,4.18
09/03/2010,4.23
10/03/2010,4.28
11/03/2010,4.3
12/03/2010,4.31
15/03/2010,4.32
16/03/2010,4.34
17/03/2010,4.35
18/03/2010,4.35
19/03/2010,4.36
22/03/2010,4.35
23/03/2010,4.33
24/03/2010,4.29
25/03/2010,4.28
26/03/2010,4.27
29/03/2010,4.26
30/03/2010,4.25
31/03/2010,4.24
01/04/2010,4.27
02/04/2010,4.29
05/04/2010,4.34
06/04/2010,4.39
07/04/2010,4.43
08/04/2010,4.47
09/04/2010,4.53
12/04/2010,4.57
13/04/2010,4.61
14/04/2010,4.63
15/04/2010,4.65
16/04/2010,4.68
19/04/2010,4.71
20/04/2010,4.74
21/04/2010,4.77
22/04/2010,4.8
23/04/2010,4.83
26/04/2010,4.85
27/04/2010,4.85
28/04/2010,4.84
29/04/2010,4.85
30/04/2010,4.87
03/05/2010,4.89
04/05/2010,4.92
05/05/2010,4.93
06/05/2010,4.96
07/05/2010,5
10/05/2010,5.05
11/05/2010,5.1
12/05/2010,5.13
13/05/2010,5.17
14/05/2010,5.21
17/05/2010,5.26
18/05/2010,5.3
19/05/2010,5.34
20/05/2010,5.37
21/05/2010,5.4
24/05/2010,5.43
25/05/2010,5.45
26/05/2010,5.47
27/05/2010,5.48
28/05/2010,5.48
31/05/2010,5.5
01/06/2010,5.5
02/06/2010,5.53
03/06/2010,5.55
04/06/2010,5.58
07/06/2010,5.62
08/06/2010,5.67
09/06/2010,5.7
10/06/2010,5.72
11/06/2010,5.75
14/06/2010,5.78
15/06/2010,5.8
16/06/2010,5.83
17/06/2010,5.83
18/06/2010,5.82
21/06/2010,5.79
22/06/2010,5.76
23/06/2010,5.73
24/06/2010,5.68
25/06/2010,5.62
28/06/2010,5.57
29/06/2010,5.51
30/06/2010,5.44
01/07/2010,5.37
02/07/2010,5.3
05/07/2010,5.23
06/07/2010,5.17
07/07/2010,5.11
08/07/2010,5.06
09/07/2010,5.02
12/07/2010,4.99
13/07/2010,4.95
14/07/2010,4.92
15/07/2010,4.87
16/07/2010,4.8
19/07/2010,4.75
20/07/2010,4.7
21/07/2010,4.65
22/07/2010,4.57
23/07/2010,4.48
26/07/2010,4.4
27/07/2010,4.33
28/07/2010,4.26
29/07/2010,4.2
30/07/2010,4.14
02/08/2010,4.09
03/08/2010,4.02
04/08/2010,3.94
05/08/2010,3.86
06/08/2010,3.79
09/08/2010,3.72
10/08/2010,3.67
11/08/2010,3.62
12/08/2010,3.56
13/08/2010,3.5
16/08/2010,3.45
17/08/2010,3.4
18/08/2010,3.34
19/08/2010,3.26
20/08/2010,3.18
23/08/2010,3.09
24/08/2010,3
25/08/2010,2.91
26/08/2010,2.84
27/08/2010,2.75
30/08/2010,2.68
31/08/2010,2.61
01/09/2010,2.55
02/09/2010,2.49
03/09/2010,2.43
06/09/2010,2.35
07/09/2010,2.27
08/09/2010,2.19
09/09/2010,2.11
10/09/2010,2.04
13/09/2010,1.97
14/09/2010,1.93
15/09/2010,1.87
16/09/2010,1.78
17/09/2010,1.7
20/09/2010,1.6
21/09/2010,1.51
22/09/2010,1.41
23/09/2010,1.32
24/09/2010,1.21
27/09/2010,1.1
28/09/2010,1
29/09/2010,0.9
30/09/2010,0.8
01/10/2010,0.69
04/10/2010,0.59
05/10/2010,0.49
06/10/2010,0.4
07/10/2010,0.3
08/10/2010,0.19
11/10/2010,0.09
12/10/2010,-0.02
13/10/2010,-0.12
14/10/2010,-0.21
15/10/2010,-0.3
18/10/2010,-0.39
19/10/2010,-0.48
20/10/2010,-0.59
21/10/2010,-0.7
22/10/2010,-0.81
25/10/2010,-0.92
26/10/2010,-1.03
27/10/2010,-1.11
28/10/2010,-1.2
29/10/2010,-1.3
01/11/2010,-1.38
02/11/2010,-1.47
03/11/2010,-1.55
04/11/2010,-1.61
05/11/2010,-1.67
08/11/2010,-1.74
09/11/2010,-1.82
10/11/2010,-1.9
11/11/2010,-1.96
12/11/2010,-2.03
15/11/2010,-2.1
16/11/2010,-2.18
17/11/2010,-2.24
18/11/2010,-2.29
19/11/2010,-2.34
22/11/2010,-2.38
23/11/2010,-2.42
24/11/2010,-2.47
25/11/2010,-2.51
26/11/2010,-2.55
29/11/2010,-2.59
30/11/2010,-2.61
01/12/2010,-2.62
02/12/2010,-2.61
03/12/2010,-2.61
06/12/2010,-2.61
07/12/2010,-2.61
08/12/2010,-2.58
09/12/2010,-2.56
10/12/2010,-2.52
13/12/2010,-2.49
14/12/2010,-2.46
15/12/2010,-2.43
16/12/2010,-2.39
17/12/2010,-2.35
20/12/2010,-2.31
21/12/2010,-2.26
22/12/2010,-2.21
23/12/2010,-2.16
24/12/2010,-2.11
27/12/2010,-2.06
28/12/2010,-2.01
29/12/2010,-1.97
30/12/2010,-1.94
31/12/2010,-1.9
03/01/2011,-1.86
04/01/2011,-1.81
05/01/2011,-1.76
06/01/2011,-1.72
07/01/2011,-1.69
10/01/2011,-1.66
11/01/2011,-1.64
12/01/2011,-1.62
13/01/2011,-1.61
14/01/2011,-1.6
17/01/2011,-1.6
18/01/2011,-1.6
19/01/2011,-1.59
20/01/2011,-1.59
21/01/2011,-1.61
24/01/2011,-1.62
25/01/2011,-1.64
26/01/2011,-1.66
27/01/2011,-1.68
28/01/2011,-1.7
31/01/2011,-1.72
01/02/2011,-1.74
02/02/2011,-1.74
03/02/2011,-1.71
04/02/2011,-1.68
07/02/2011,-1.65
08/02/2011,-1.62
09/02/2011,-1.59
10/02/2011,-1.56
11/02/2011,-1.53
14/02/2011,-1.51
15/02/2011,-1.49
16/02/2011,-1.48
17/02/2011,-1.46
18/02/2011,-1.42
21/02/2011,-1.39
22/02/2011,-1.36
23/02/2011,-1.31
24/02/2011,-1.26
25/02/2011,-1.21
28/02/2011,-1.16
01/03/2011,-1.09
02/03/2011,-1.01
03/03/2011,-0.92
04/03/2011,-0.83
07/03/2011,-0.74
08/03/2011,-0.65
09/03/2011,-0.55
10/03/2011,-0.44
11/03/2011,-0.34
14/03/2011,-0.24
15/03/2011,-0.17
16/03/2011,-0.11
17/03/2011,-0.03
18/03/2011,0.02
21/03/2011,0.07
22/03/2011,0.13
23/03/2011,0.18
24/03/2011,0.22
25/03/2011,0.26
28/03/2011,0.3
29/03/2011,0.37
30/03/2011,0.44
31/03/2011,0.49
01/04/2011,0.54
04/04/2011,0.6
05/04/2011,0.67
06/04/2011,0.73
07/04/2011,0.79
08/04/2011,0.84
11/04/2011,0.88
12/04/2011,0.92
13/04/2011,0.96
14/04/2011,1
15/04/2011,1.03
18/04/2011,1.06
19/04/2011,1.09
20/04/2011,1.1
21/04/2011,1.1
22/04/2011,1.11
25/04/2011,1.12
26/04/2011,1.12
27/04/2011,1.09
28/04/2011,1.08
29/04/2011,1.08
02/05/2011,1.07
03/05/2011,1.05
04/05/2011,1.05
05/05/2011,1.03
06/05/2011,1.03
09/05/2011,1.01
10/05/2011,0.98
11/05/2011,0.96
12/05/2011,0.94
13/05/2011,0.92
16/05/2011,0.88
17/05/2011,0.85
18/05/2011,0.82
19/05/2011,0.79
20/05/2011,0.76
23/05/2011,0.72
24/05/2011,0.67
25/05/2011,0.62
26/05/2011,0.59
27/05/2011,0.56
30/05/2011,0.53
31/05/2011,0.51
01/06/2011,0.48
02/06/2011,0.47
03/06/2011,0.46
06/06/2011,0.45
07/06/2011,0.45
08/06/2011,0.45
09/06/2011,0.45
10/06/2011,0.48
13/06/2011,0.51
14/06/2011,0.54
15/06/2011,0.58
16/06/2011,0.59
17/06/2011,0.6
20/06/2011,0.62
21/06/2011,0.64
22/06/2011,0.65
23/06/2011,0.64
24/06/2011,0.64
27/06/2011,0.63
28/06/2011,0.63
29/06/2011,0.62
30/06/2011,0.62
01/07/2011,0.6
04/07/2011,0.6
05/07/2011,0.6
06/07/2011,0.6
07/07/2011,0.6
08/07/2011,0.58
11/07/2011,0.56
12/07/2011,0.54
13/07/2011,0.49
14/07/2011,0.45
15/07/2011,0.41
18/07/2011,0.37
19/07/2011,0.31
20/07/2011,0.24
21/07/2011,0.15
22/07/2011,0.07
25/07/2011,-0.01
26/07/2011,-0.08
27/07/2011,-0.15
28/07/2011,-0.22
29/07/2011,-0.29
01/08/2011,-0.35
02/08/2011,-0.41
03/08/2011,-0.45
04/08/2011,-0.49
05/08/2011,-0.52
08/08/2011,-0.55
09/08/2011,-0.58
10/08/2011,-0.61
11/08/2011,-0.63
12/08/2011,-0.66
15/08/2011,-0.68
16/08/2011,-0.72
17/08/2011,-0.77
18/08/2011,-0.82
19/08/2011,-0.86
22/08/2011,-0.89
23/08/2011,-0.92
24/08/2011,-0.96
25/08/2011,-0.99
26/08/2011,-1.03
29/08/2011,-1.06
30/08/2011,-1.08
31/08/2011,-1.11
01/09/2011,-1.14
02/09/2011,-1.18
05/09/2011,-1.23
06/09/2011,-1.27
07/09/2011,-1.31
08/09/2011,-1.35
09/09/2011,-1.4
12/09/2011,-1.44
13/09/2011,-1.49
14/09/2011,-1.52
15/09/2011,-1.6
16/09/2011,-1.67
19/09/2011,-1.74
20/09/2011,-1.81
21/09/2011,-1.88
22/09/2011,-1.95
23/09/2011,-2.02
26/09/2011,-2.08
27/09/2011,-2.12
28/09/2011,-2.16
29/09/2011,-2.18
30/09/2011,-2.2
03/10/2011,-2.22
04/10/2011,-2.24
05/10/2011,-2.24
06/10/2011,-2.24
07/10/2011,-2.24
10/10/2011,-2.24
11/10/2011,-2.23
12/10/2011,-2.23
13/10/2011,-2.23
14/10/2011,-2.22
17/10/2011,-2.22
18/10/2011,-2.21
19/10/2011,-2.19
20/10/2011,-2.18
21/10/2011,-2.16
24/10/2011,-2.15
25/10/2011,-2.16
26/10/2011,-2.14
27/10/2011,-2.12
28/10/2011,-2.11
31/10/2011,-2.09
01/11/2011,-2.08
02/11/2011,-2.04
03/11/2011,-1.99
04/11/2011,-1.95
07/11/2011,-1.9
08/11/2011,-1.86
09/11/2011,-1.84
10/11/2011,-1.81
11/11/2011,-1.78
14/11/2011,-1.75
15/11/2011,-1.73
16/11/2011,-1.7
17/11/2011,-1.67
18/11/2011,-1.62
21/11/2011,-1.58
22/11/2011,-1.54
23/11/2011,-1.5
24/11/2011,-1.46
25/11/2011,-1.42
28/11/2011,-1.38
29/11/2011,-1.34
30/11/2011,-1.28
01/12/2011,-1.23
02/12/2011,-1.18
05/12/2011,-1.11
06/12/2011,-1.05
07/12/2011,-0.98
08/12/2011,-0.91
09/12/2011,-0.84
12/12/2011,-0.78
13/12/2011,-0.73
14/12/2011,-0.68
15/12/2011,-0.65
16/12/2011,-0.64
19/12/2011,-0.61
20/12/2011,-0.58
21/12/2011,-0.56
22/12/2011,-0.55
23/12/2011,-0.53
26/12/2011,-0.52
27/12/2011,-0.52
28/12/2011,-0.53
29/12/2011,-0.54
30/12/2011,-0.56
02/01/2012,-0.57
03/01/2012,-0.58
04/01/2012,-0.57
05/01/2012,-0.55
06/01/2012,-0.52
09/01/2012,-0.51
10/01/2012,-0.51
11/01/2012,-0.51
12/01/2012,-0.5
13/01/2012,-0.5
16/01/2012,-0.51
17/01/2012,-0.52
18/01/2012,-0.53
19/01/2012,-0.54
20/01/2012,-0.53
23/01/2012,-0.52
24/01/2012,-0.52
25/01/2012,-0.49
26/01/2012,-0.46
27/01/2012,-0.43
30/01/2012,-0.41
31/01/2012,-0.37
01/02/2012,-0.33
02/02/2012,-0.26
03/02/2012,-0.19
06/02/2012,-0.11
07/02/2012,-0.02
08/02/2012,0.06
09/02/2012,0.15
10/02/2012,0.23
13/02/2012,0.31
14/02/2012,0.38
15/02/2012,0.44
16/02/2012,0.49
17/02/2012,0.54
20/02/2012,0.59
21/02/2012,0.64
22/02/2012,0.69
23/02/2012,0.75
24/02/2012,0.81
27/02/2012,0.87
28/02/2012,0.94
29/02/2012,1.03
01/03/2012,1.1
02/03/2012,1.17
05/03/2012,1.25
06/03/2012,1.3
07/03/2012,1.35
08/03/2012,1.41
09/03/2012,1.45
12/03/2012,1.48
13/03/2012,1.53
14/03/2012,1.56
15/03/2012,1.59
16/03/2012,1.62
19/03/2012,1.66
20/03/2012,1.68
21/03/2012,1.7
22/03/2012,1.72
23/03/2012,1.72
26/03/2012,1.72
27/03/2012,1.72
28/03/2012,1.73
29/03/2012,1.73
30/03/2012,1.72
02/04/2012,1.72
03/04/2012,1.72
04/04/2012,1.74
05/04/2012,1.74
06/04/2012,1.74
09/04/2012,1.74
10/04/2012,1.75
11/04/2012,1.74
12/04/2012,1.73
13/04/2012,1.72
16/04/2012,1.73
17/04/2012,1.72
18/04/2012,1.72
19/04/2012,1.74
20/04/2012,1.8
23/04/2012,1.84
24/04/2012,1.86
25/04/2012,1.9
26/04/2012,1.92
27/04/2012,1.94
30/04/2012,1.97
01/05/2012,2
02/05/2012,2.03
03/05/2012,2.08
04/05/2012,2.14
07/05/2012,2.18
08/05/2012,2.22
09/05/2012,2.28
10/05/2012,2.34
11/05/2012,2.4
14/05/2012,2.45
15/05/2012,2.49
16/05/2012,2.55
17/05/2012,2.61
18/05/2012,2.68
21/05/2012,2.73
22/05/2012,2.78
23/05/2012,2.79
24/05/2012,2.79
25/05/2012,2.79
28/05/2012,2.8
29/05/2012,2.81
30/05/2012,2.82
31/05/2012,2.79
01/06/2012,2.75
04/06/2012,2.72
05/06/2012,2.69
06/06/2012,2.67
07/06/2012,2.66
08/06/2012,2.63
11/06/2012,2.61
12/06/2012,2.6
13/06/2012,2.55
14/06/2012,2.52
15/06/2012,2.48
18/06/2012,2.46
19/06/2012,2.42
20/06/2012,2.38
21/06/2012,2.37
22/06/2012,2.35
25/06/2012,2.32
26/06/2012,2.28
27/06/2012,2.24
28/06/2012,2.19
29/06/2012,2.14
02/07/2012,2.1
03/07/2012,2.09
04/07/2012,2.09
05/07/2012,2.07
06/07/2012,2.07
09/07/2012,2.05
10/07/2012,2.03
11/07/2012,2
12/07/2012,1.97
13/07/2012,1.93
16/07/2012,1.87
17/07/2012,1.82
18/07/2012,1.75
19/07/2012,1.7
20/07/2012,1.63
23/07/2012,1.57
24/07/2012,1.52
25/07/2012,1.48
26/07/2012,1.44
27/07/2012,1.41
30/07/2012,1.37
31/07/2012,1.34
01/08/2012,1.25
02/08/2012,1.17
03/08/2012,1.09
06/08/2012,1
07/08/2012,0.91
08/08/2012,0.83
09/08/2012,0.75
10/08/2012,0.69
13/08/2012,0.63
14/08/2012,0.57
15/08/2012,0.52
16/08/2012,0.48
17/08/2012,0.44
20/08/2012,0.41
21/08/2012,0.36
22/08/2012,0.31
23/08/2012,0.27
24/08/2012,0.24
27/08/2012,0.2
28/08/2012,0.15
29/08/2012,0.11
30/08/2012,0.07
31/08/2012,0.04
03/09/2012,0.02
04/09/2012,-0.01
05/09/2012,-0.04
06/09/2012,-0.08
07/09/2012,-0.16
10/09/2012,-0.23
11/09/2012,-0.28
12/09/2012,-0.32
13/09/2012,-0.36
14/09/2012,-0.38
17/09/2012,-0.41
18/09/2012,-0.44
19/09/2012,-0.47
20/09/2012,-0.51
21/09/2012,-0.55
24/09/2012,-0.57
25/09/2012,-0.6
26/09/2012,-0.64
27/09/2012,-0.67
28/09/2012,-0.71
01/10/2012,-0.73
02/10/2012,-0.74
03/10/2012,-0.76
04/10/2012,-0.78
05/10/2012,-0.8
08/10/2012,-0.81
09/10/2012,-0.81
10/10/2012,-0.77
11/10/2012,-0.75
12/10/2012,-0.72
15/10/2012,-0.7
16/10/2012,-0.68
17/10/2012,-0.66
18/10/2012,-0.6
19/10/2012,-0.53
22/10/2012,-0.46
23/10/2012,-0.4
24/10/2012,-0.34
25/10/2012,-0.29
26/10/2012,-0.24
29/10/2012,-0.19
30/10/2012,-0.13
31/10/2012,-0.08
01/11/2012,-0.03
02/11/2012,0.02
05/11/2012,0.06
06/11/2012,0.09
07/11/2012,0.12
08/11/2012,0.12
09/11/2012,0.12
12/11/2012,0.13
13/11/2012,0.16
14/11/2012,0.19
15/11/2012,0.2
16/11/2012,0.21
19/11/2012,0.21
20/11/2012,0.17
21/11/2012,0.14
22/11/2012,0.1
23/11/2012,0.07
26/11/2012,0.05
27/11/2012,0.04
28/11/2012,0.02
29/11/2012,0.01
30/11/2012,0.01
03/12/2012,0.02
04/12/2012,0.02
05/12/2012,0.02
06/12/2012,0.02
07/12/2012,0.03
10/12/2012,0.02
11/12/2012,0.02
12/12/2012,0.01
13/12/2012,-0.01
14/12/2012,-0.02
17/12/2012,-0.01
18/12/2012,-0.01
19/12/2012,0.03
20/12/2012,0.08
21/12/2012,0.12
24/12/2012,0.17
25/12/2012,0.22
26/12/2012,0.28
27/12/2012,0.34
28/12/2012,0.41
31/12/2012,0.48
01/01/2013,0.53
02/01/2013,0.59
03/01/2013,0.65
04/01/2013,0.7
07/01/2013,0.75
08/01/2013,0.81
09/01/2013,0.85
10/01/2013,0.88
11/01/2013,0.9
14/01/2013,0.93
15/01/2013,0.97
16/01/2013,1.02
17/01/2013,1.05
18/01/2013,1.07
21/01/2013,1.08
22/01/2013,1.09
23/01/2013,1.11
24/01/2013,1.12
25/01/2013,1.14
28/01/2013,1.15
29/01/2013,1.15
30/01/2013,1.15
31/01/2013,1.14
01/02/2013,1.13
04/02/2013,1.12
05/02/2013,1.11
06/02/2013,1.11
07/02/2013,1.11
08/02/2013,1.11
11/02/2013,1.1
12/02/2013,1.09
13/02/2013,1.09
14/02/2013,1.08
15/02/2013,1.05
18/02/2013,1.02
19/02/2013,0.99
20/02/2013,0.96
21/02/2013,0.94
22/02/2013,0.92
25/02/2013,0.88
26/02/2013,0.83
27/02/2013,0.78
28/02/2013,0.76
01/03/2013,0.72
04/03/2013,0.69
05/03/2013,0.66
06/03/2013,0.65
07/03/2013,0.62
08/03/2013,0.6
11/03/2013,0.58
12/03/2013,0.56
13/03/2013,0.54
14/03/2013,0.52
15/03/2013,0.51
18/03/2013,0.48
19/03/2013,0.44
20/03/2013,0.41
21/03/2013,0.4
22/03/2013,0.4
25/03/2013,0.4
26/03/2013,0.42
27/03/2013,0.43
28/03/2013,0.46
29/03/2013,0.49
01/04/2013,0.52
02/04/2013,0.54
03/04/2013,0.57
04/04/2013,0.62
05/04/2013,0.67
08/04/2013,0.73
09/04/2013,0.8
10/04/2013,0.87
11/04/2013,0.94
12/04/2013,1.02
15/04/2013,1.09
16/04/2013,1.14
17/04/2013,1.2
18/04/2013,1.23
19/04/2013,1.26
22/04/2013,1.29
23/04/2013,1.31
24/04/2013,1.33
25/04/2013,1.35
26/04/2013,1.36
29/04/2013,1.38
30/04/2013,1.41
01/05/2013,1.41
02/05/2013,1.42
03/05/2013,1.42
06/05/2013,1.42
07/05/2013,1.42
08/05/2013,1.44
09/05/2013,1.45
10/05/2013,1.47
13/05/2013,1.51
14/05/2013,1.54
15/05/2013,1.55
16/05/2013,1.57
17/05/2013,1.58
20/05/2013,1.6
21/05/2013,1.61
22/05/2013,1.61
23/05/2013,1.61
24/05/2013,1.61
27/05/2013,1.61
28/05/2013,1.61
29/05/2013,1.64
30/05/2013,1.67
31/05/2013,1.72
03/06/2013,1.78
04/06/2013,1.82
05/06/2013,1.88
06/06/2013,1.94
07/06/2013,2.02
10/06/2013,2.09
11/06/2013,2.16
12/06/2013,2.23
13/06/2013,2.29
14/06/2013,2.36
17/06/2013,2.41
18/06/2013,2.45
19/06/2013,2.49
20/06/2013,2.54
21/06/2013,2.58
24/06/2013,2.63
25/06/2013,2.67
26/06/2013,2.71
27/06/2013,2.75
28/06/2013,2.8
01/07/2013,2.85
02/07/2013,2.94
03/07/2013,3.03
04/07/2013,3.12
05/07/2013,3.24
08/07/2013,3.36
09/07/2013,3.49
10/07/2013,3.61
11/07/2013,3.71
12/07/2013,3.82
15/07/2013,3.94
16/07/2013,4.05
17/07/2013,4.18
18/07/2013,4.29
19/07/2013,4.41
22/07/2013,4.53
23/07/2013,4.65
24/07/2013,4.76
25/07/2013,4.88
26/07/2013,4.99
29/07/2013,5.13
30/07/2013,5.27
31/07/2013,5.4
01/08/2013,5.54
02/08/2013,5.69
05/08/2013,5.85
06/08/2013,6.03
07/08/2013,6.21
08/08/2013,6.35
09/08/2013,6.48
12/08/2013,6.6
13/08/2013,6.72
14/08/2013,6.85
15/08/2013,6.99
16/08/2013,7.12
19/08/2013,7.25
20/08/2013,7.38
21/08/2013,7.51
22/08/2013,7.64
23/08/2013,7.78
26/08/2013,7.91
27/08/2013,8.02
28/08/2013,8.14
29/08/2013,8.26
30/08/2013,8.39
02/09/2013,8.51
03/09/2013,8.66
04/09/2013,8.81
05/09/2013,8.98
06/09/2013,9.14
09/09/2013,9.3
10/09/2013,9.46
11/09/2013,9.64
12/09/2013,9.8
13/09/2013,9.94
16/09/2013,10.08
17/09/2013,10.21
18/09/2013,10.36
19/09/2013,10.51
20/09/2013,10.65
23/09/2013,10.79
24/09/2013,10.91
25/09/2013,11
26/09/2013,11.1
27/09/2013,11.21
30/09/2013,11.31
01/10/2013,11.41
02/10/2013,11.5
03/10/2013,11.58
04/10/2013,11.66
07/10/2013,11.76
08/10/2013,11.85
09/10/2013,11.94
10/10/2013,12.03
11/10/2013,12.11
14/10/2013,12.19
15/10/2013,12.27
16/10/2013,12.34
17/10/2013,12.41
18/10/2013,12.47
21/10/2013,12.51
22/10/2013,12.53
23/10/2013,12.55
24/10/2013,12.57
25/10/2013,12.58
28/10/2013,12.58
29/10/2013,12.6
30/10/2013,12.62
31/10/2013,12.66
01/11/2013,12.7
04/11/2013,12.74
05/11/2013,12.81
06/11/2013,12.88
07/11/2013,12.92
08/11/2013,12.96
11/11/2013,13
12/11/2013,13.07
13/11/2013,13.12
14/11/2013,13.17
15/11/2013,13.2
18/11/2013,13.21
19/11/2013,13.21
20/11/2013,13.2
21/11/2013,13.18
22/11/2013,13.16
25/11/2013,13.12
26/11/2013,13.06
27/11/2013,13.01
28/11/2013,12.96
29/11/2013,12.92
02/12/2013,12.9
03/12/2013,12.88
04/12/2013,12.85
05/12/2013,12.83
06/12/2013,12.82
09/12/2013,12.8
10/12/2013,12.79
11/12/2013,12.78
12/12/2013,12.74
13/12/2013,12.7
16/12/2013,12.64
17/12/2013,12.56
18/12/2013,12.52
19/12/2013,12.48
20/12/2013,12.4
23/12/2013,12.32
24/12/2013,12.22
25/12/2013,12.14
26/12/2013,12.06
27/12/2013,12
30/12/2013,11.94
31/12/2013,11.88
01/01/2014,11.81
02/01/2014,11.71
03/01/2014,11.64
06/01/2014,11.57
07/01/2014,11.5
08/01/2014,11.42
09/01/2014,11.32
10/01/2014,11.21
13/01/2014,11.09
14/01/2014,10.98
15/01/2014,10.87
16/01/2014,10.74
17/01/2014,10.65
20/01/2014,10.55
21/01/2014,10.43
22/01/2014,10.31
23/01/2014,10.19
24/01/2014,10.09
27/01/2014,9.98
28/01/2014,9.86
29/01/2014,9.72
30/01/2014,9.62
31/01/2014,9.54
03/02/2014,9.46
04/02/2014,9.4
05/02/2014,9.33
06/02/2014,9.26
07/02/2014,9.21
10/02/2014,9.16
11/02/2014,9.11
12/02/2014,9.09
13/02/2014,9.03
14/02/2014,8.96
17/02/2014,8.88
18/02/2014,8.84
19/02/2014,8.81
20/02/2014,8.78
21/02/2014,8.74
24/02/2014,8.69
25/02/2014,8.66
26/02/2014,8.65
27/02/2014,8.6
28/02/2014,8.56
03/03/2014,8.54
04/03/2014,8.52
05/03/2014,8.49
06/03/2014,8.46
07/03/2014,8.42
10/03/2014,8.39
11/03/2014,8.38
12/03/2014,8.35
13/03/2014,8.32
14/03/2014,8.29
17/03/2014,8.25
18/03/2014,8.21
19/03/2014,8.18
20/03/2014,8.14
21/03/2014,8.09
24/03/2014,8.04
25/03/2014,8
26/03/2014,7.95
27/03/2014,7.92
28/03/2014,7.9
31/03/2014,7.87
01/04/2014,7.79
02/04/2014,7.73
03/04/2014,7.69
04/04/2014,7.66
07/04/2014,7.62
08/04/2014,7.57
09/04/2014,7.53
10/04/2014,7.48
11/04/2014,7.41
14/04/2014,7.36
15/04/2014,7.33
16/04/2014,7.3
17/04/2014,7.28
18/04/2014,7.25
21/04/2014,7.2
22/04/2014,7.15
23/04/2014,7.1
24/04/2014,7.06
25/04/2014,7.01
28/04/2014,6.96
29/04/2014,6.9
30/04/2014,6.85
01/05/2014,6.82
02/05/2014,6.8
05/05/2014,6.79
06/05/2014,6.79
07/05/2014,6.78
08/05/2014,6.75
09/05/2014,6.74
12/05/2014,6.75
13/05/2014,6.75
14/05/2014,6.74
15/05/2014,6.73
16/05/2014,6.72
19/05/2014,6.71
20/05/2014,6.69
21/05/2014,6.71
22/05/2014,6.74
23/05/2014,6.75
26/05/2014,6.75
27/05/2014,6.74
28/05/2014,6.73
29/05/2014,6.75
30/05/2014,6.78
02/06/2014,6.81
03/06/2014,6.84
04/06/2014,6.88
05/06/2014,6.93
06/06/2014,6.92
09/06/2014,6.92
10/06/2014,6.93
11/06/2014,6.92
12/06/2014,6.91
13/06/2014,6.9
16/06/2014,6.9
17/06/2014,6.91
18/06/2014,6.92
19/06/2014,6.91
20/06/2014,6.89
23/06/2014,6.88
24/06/2014,6.85
25/06/2014,6.83
26/06/2014,6.81
27/06/2014,6.8
30/06/2014,6.78
01/07/2014,6.74
02/07/2014,6.7
03/07/2014,6.68
04/07/2014,6.67
07/07/2014,6.65
08/07/2014,6.63
09/07/2014,6.58
10/07/2014,6.53
11/07/2014,6.51
14/07/2014,6.48
15/07/2014,6.43
16/07/2014,6.39
17/07/2014,6.4
18/07/2014,6.4
21/07/2014,6.38
22/07/2014,6.35
23/07/2014,6.34
24/07/2014,6.31
25/07/2014,6.29
28/07/2014,6.26
29/07/2014,6.24
30/07/2014,6.23
31/07/2014,6.24
01/08/2014,6.23
04/08/2014,6.24
05/08/2014,6.26
06/08/2014,6.26
07/08/2014,6.27
08/08/2014,6.27
11/08/2014,6.27
12/08/2014,6.25
13/08/2014,6.24
14/08/2014,6.22
15/08/2014,6.2
18/08/2014,6.18
19/08/2014,6.18
20/08/2014,6.18
21/08/2014,6.16
22/08/2014,6.13
25/08/2014,6.12
26/08/2014,6.09
27/08/2014,6.05
28/08/2014,6.04
29/08/2014,6.05
01/09/2014,6.05
02/09/2014,6.04
03/09/2014,6.07
04/09/2014,6.07
05/09/2014,6.08
08/09/2014,6.09
09/09/2014,6.1
10/09/2014,6.1
11/09/2014,6.11
12/09/2014,6.11
15/09/2014,6.09
16/09/2014,6.08
17/09/2014,6.08
18/09/2014,6.08
19/09/2014,6.07
22/09/2014,6.06
23/09/2014,6.04
24/09/2014,6.02
25/09/2014,6.01
26/09/2014,5.99
29/09/2014,5.96
30/09/2014,5.92
01/10/2014,5.88
02/10/2014,5.86
03/10/2014,5.82
06/10/2014,5.8
07/10/2014,5.78
08/10/2014,5.71
09/10/2014,5.62
10/10/2014,5.54
13/10/2014,5.46
14/10/2014,5.37
15/10/2014,5.3
16/10/2014,5.21
17/10/2014,5.13
20/10/2014,5.04
21/10/2014,4.95
22/10/2014,4.87
23/10/2014,4.77
24/10/2014,4.67
27/10/2014,4.58
28/10/2014,4.47
29/10/2014,4.36
30/10/2014,4.25
31/10/2014,4.13
03/11/2014,4.03
04/11/2014,3.92
05/11/2014,3.8
06/11/2014,3.69
07/11/2014,3.58
10/11/2014,3.48
11/11/2014,3.39
12/11/2014,3.29
13/11/2014,3.19
14/11/2014,3.08
17/11/2014,2.97
18/11/2014,2.9
19/11/2014,2.83
20/11/2014,2.79
21/11/2014,2.75
24/11/2014,2.71
25/11/2014,2.65
26/11/2014,2.6
27/11/2014,2.55
28/11/2014,2.49
01/12/2014,2.43
02/12/2014,2.37
03/12/2014,2.32
04/12/2014,2.27
05/12/2014,2.2
08/12/2014,2.14
09/12/2014,2.09
10/12/2014,2.04
11/12/2014,2
12/12/2014,1.95
15/12/2014,1.92
16/12/2014,1.87
17/12/2014,1.85
18/12/2014,1.86
19/12/2014,1.88
22/12/2014,1.9
23/12/2014,1.91
24/12/2014,1.92
25/12/2014,1.92
26/12/2014,1.93
29/12/2014,1.94
30/12/2014,1.95
31/12/2014,1.92
01/01/2015,1.9
02/01/2015,1.87
05/01/2015,1.84
06/01/2015,1.81
07/01/2015,1.78
08/01/2015,1.76
09/01/2015,1.75
12/01/2015,1.74
13/01/2015,1.75
14/01/2015,1.75
15/01/2015,1.75
16/01/2015,1.74
19/01/2015,1.73
20/01/2015,1.72
21/01/2015,1.72
22/01/2015,1.71
23/01/2015,1.68
26/01/2015,1.68
27/01/2015,1.64
28/01/2015,1.58
29/01/2015,1.5
30/01/2015,1.44
02/02/2015,1.4
03/02/2015,1.36
04/02/2015,1.32
05/02/2015,1.29
06/02/2015,1.26
09/02/2015,1.23
10/02/2015,1.21
11/02/2015,1.19
12/02/2015,1.16
13/02/2015,1.15
16/02/2015,1.14
17/02/2015,1.15
18/02/2015,1.16
19/02/2015,1.18
20/02/2015,1.2
23/02/2015,1.23
24/02/2015,1.25
25/02/2015,1.3
26/02/2015,1.36
27/02/2015,1.41
02/03/2015,1.48
03/03/2015,1.55
04/03/2015,1.62
05/03/2015,1.69
06/03/2015,1.75
09/03/2015,1.81
10/03/2015,1.88
11/03/2015,1.95
12/03/2015,2.02
13/03/2015,2.1
16/03/2015,2.18
17/03/2015,2.25
18/03/2015,2.33
19/03/2015,2.41
20/03/2015,2.49
23/03/2015,2.56
24/03/2015,2.63
25/03/2015,2.71
26/03/2015,2.79
27/03/2015,2.86
30/03/2015,2.95
31/03/2015,3.01
01/04/2015,3.07
02/04/2015,3.13
03/04/2015,3.19
06/04/2015,3.25
07/04/2015,3.3
08/04/2015,3.36
09/04/2015,3.38
10/04/2015,3.4
13/04/2015,3.41
14/04/2015,3.42
15/04/2015,3.46
16/04/2015,3.5
17/04/2015,3.56
20/04/2015,3.61
21/04/2015,3.67
22/04/2015,3.7
23/04/2015,3.73
24/04/2015,3.76
27/04/2015,3.8
28/04/2015,3.84
29/04/2015,3.88
30/04/2015,3.93
01/05/2015,3.98
04/05/2015,4.02
05/05/2015,4.05
06/05/2015,4.07
07/05/2015,4.06
08/05/2015,4.04
11/05/2015,4.02
12/05/2015,4
13/05/2015,3.98
14/05/2015,3.95
15/05/2015,3.93
18/05/2015,3.9
19/05/2015,3.88
20/05/2015,3.89
21/05/2015,3.91
22/05/2015,3.94
25/05/2015,3.97
26/05/2015,3.99
27/05/2015,4.02
28/05/2015,4.04
29/05/2015,4.06
01/06/2015,4.07
02/06/2015,4.11
03/06/2015,4.13
04/06/2015,4.15
05/06/2015,4.18
08/06/2015,4.19
09/06/2015,4.2
10/06/2015,4.2
11/06/2015,4.2
12/06/2015,4.22
15/06/2015,4.24
16/06/2015,4.27
17/06/2015,4.33
18/06/2015,4.38
19/06/2015,4.41
22/06/2015,4.45
23/06/2015,4.47
24/06/2015,4.48
25/06/2015,4.49
26/06/2015,4.49
29/06/2015,4.49
30/06/2015,4.5
01/07/2015,4.48
02/07/2015,4.47
03/07/2015,4.45
06/07/2015,4.42
07/07/2015,4.39
08/07/2015,4.38
09/07/2015,4.35
10/07/2015,4.31
13/07/2015,4.26
14/07/2015,4.22
15/07/2015,4.17
16/07/2015,4.11
17/07/2015,4.05
20/07/2015,3.98
21/07/2015,3.92
22/07/2015,3.85
23/07/2015,3.77
24/07/2015,3.72
27/07/2015,3.66
28/07/2015,3.6
29/07/2015,3.55
30/07/2015,3.51
31/07/2015,3.46
03/08/2015,3.43
04/08/2015,3.41
05/08/2015,3.39
06/08/2015,3.37
07/08/2015,3.33
10/08/2015,3.3
11/08/2015,3.29
12/08/2015,3.27
13/08/2015,3.26
14/08/2015,3.25
17/08/2015,3.21
18/08/2015,3.18
19/08/2015,3.14
20/08/2015,3.14
21/08/2015,3.13
24/08/2015,3.12
25/08/2015,3.11
26/08/2015,3.12
27/08/2015,3.14
28/08/2015,3.16
31/08/2015,3.19
01/09/2015,3.22
02/09/2015,3.25
03/09/2015,3.25
04/09/2015,3.25
07/09/2015,3.25
08/09/2015,3.25
09/09/2015,3.26
10/09/2015,3.29
11/09/2015,3.31
14/09/2015,3.33
15/09/2015,3.34
16/09/2015,3.35
17/09/2015,3.36
18/09/2015,3.37
21/09/2015,3.38
22/09/2015,3.38
23/09/2015,3.38
24/09/2015,3.38
25/09/2015,3.38
28/09/2015,3.38
29/09/2015,3.4
30/09/2015,3.4
01/10/2015,3.41
02/10/2015,3.42
05/10/2015,3.44
06/10/2015,3.43
07/10/2015,3.41
08/10/2015,3.38
09/10/2015,3.35
12/10/2015,3.31
13/10/2015,3.28
14/10/2015,3.25
15/10/2015,3.22
16/10/2015,3.18
19/10/2015,3.15
20/10/2015,3.1
21/10/2015,3.04
22/10/2015,3.03
23/10/2015,3.02
26/10/2015,3
27/10/2015,3
28/10/2015,2.99
29/10/2015,2.97
30/10/2015,2.96
02/11/2015,2.94
03/11/2015,2.94
04/11/2015,2.93
05/11/2015,2.96
06/11/2015,3
09/11/2015,3.01
10/11/2015,3.02
11/11/2015,3.03
12/11/2015,3.04
13/11/2015,3.05
16/11/2015,3.07
17/11/2015,3.1
18/11/2015,3.14
19/11/2015,3.16
20/11/2015,3.18
23/11/2015,3.2
24/11/2015,3.22
25/11/2015,3.23
26/11/2015,3.23
27/11/2015,3.23
30/11/2015,3.25
01/12/2015,3.26
02/12/2015,3.22
03/12/2015,3.2
04/12/2015,3.19
07/12/2015,3.18
08/12/2015,3.17
09/12/2015,3.17
10/12/2015,3.17
11/12/2015,3.16
14/12/2015,3.15
15/12/2015,3.15
16/12/2015,3.12
17/12/2015,3.12
18/12/2015,3.11
21/12/2015,3.11
22/12/2015,3.11
23/12/2015,3.11
24/12/2015,3.12
25/12/2015,3.14
28/12/2015,3.15
29/12/2015,3.16
30/12/2015,3.18
31/12/2015,3.21
01/01/2016,3.24
04/01/2016,3.28
05/01/2016,3.34
06/01/2016,3.39
07/01/2016,3.45
08/01/2016,3.5
11/01/2016,3.55
12/01/2016,3.61
13/01/2016,3.64
14/01/2016,3.66
15/01/2016,3.69
18/01/2016,3.73
19/01/2016,3.76
20/01/2016,3.79
21/01/2016,3.83
22/01/2016,3.84
25/01/2016,3.85
26/01/2016,3.85
27/01/2016,3.82
28/01/2016,3.77
29/01/2016,3.73
01/02/2016,3.7
02/02/2016,3.66
03/02/2016,3.62
04/02/2016,3.58
05/02/2016,3.55
08/02/2016,3.52
09/02/2016,3.49
10/02/2016,3.46
11/02/2016,3.42
12/02/2016,3.38
15/02/2016,3.34
16/02/2016,3.29
17/02/2016,3.24
18/02/2016,3.2
19/02/2016,3.19
22/02/2016,3.18
23/02/2016,3.2
24/02/2016,3.23
25/02/2016,3.26
26/02/2016,3.29
29/02/2016,3.33
01/03/2016,3.36
02/03/2016,3.38
03/03/2016,3.41
04/03/2016,3.45
07/03/2016,3.49
08/03/2016,3.54
09/03/2016,3.6
10/03/2016,3.61
11/03/2016,3.6
14/03/2016,3.6
15/03/2016,3.6
16/03/2016,3.6
17/03/2016,3.59
18/03/2016,3.59
21/03/2016,3.59
22/03/2016,3.6
23/03/2016,3.61
24/03/2016,3.6
25/03/2016,3.58
28/03/2016,3.58
29/03/2016,3.58
30/03/2016,3.57
31/03/2016,3.52
01/04/2016,3.48
04/04/2016,3.43
05/04/2016,3.37
06/04/2016,3.31
07/04/2016,3.29
08/04/2016,3.26
11/04/2016,3.24
12/04/2016,3.22
13/04/2016,3.19
14/04/2016,3.17
15/04/2016,3.16
18/04/2016,3.13
19/04/2016,3.12
20/04/2016,3.14
21/04/2016,3.15
22/04/2016,3.14
25/04/2016,3.14
26/04/2016,3.14
27/04/2016,3.12
28/04/2016,3.1
29/04/2016,3.07
02/05/2016,3.03
03/05/2016,2.98
04/05/2016,2.94
05/05/2016,2.88
06/05/2016,2.82
09/05/2016,2.74
10/05/2016,2.66
11/05/2016,2.58
12/05/2016,2.49
13/05/2016,2.4
16/05/2016,2.31
17/05/2016,2.23
18/05/2016,2.1
19/05/2016,2
20/05/2016,1.89
23/05/2016,1.78
24/05/2016,1.68
25/05/2016,1.58
26/05/2016,1.47
27/05/2016,1.37
30/05/2016,1.26
31/05/2016,1.15
01/06/2016,1.06
02/06/2016,0.97
03/06/2016,0.88
06/06/2016,0.78
07/06/2016,0.69
08/06/2016,0.6
09/06/2016,0.51
10/06/2016,0.46
13/06/2016,0.42
14/06/2016,0.38
15/06/2016,0.38
16/06/2016,0.4
17/06/2016,0.43
20/06/2016,0.45
21/06/2016,0.48
22/06/2016,0.51
23/06/2016,0.53
24/06/2016,0.55
27/06/2016,0.57
28/06/2016,0.6
29/06/2016,0.62
30/06/2016,0.64
01/07/2016,0.66
04/07/2016,0.67
05/07/2016,0.68
06/07/2016,0.68
07/07/2016,0.69
08/07/2016,0.66
11/07/2016,0.62
12/07/2016,0.6
13/07/2016,0.56
14/07/2016,0.52
15/07/2016,0.48
18/07/2016,0.44
19/07/2016,0.4
20/07/2016,0.37
21/07/2016,0.31
22/07/2016,0.23
25/07/2016,0.15
26/07/2016,0.06
27/07/2016,-0.05
28/07/2016,-0.15
29/07/2016,-0.24
01/08/2016,-0.35
02/08/2016,-0.46
03/08/2016,-0.58
04/08/2016,-0.69
05/08/2016,-0.82
08/08/2016,-0.95
09/08/2016,-1.09
10/08/2016,-1.24
11/08/2016,-1.38
12/08/2016,-1.51
15/08/2016,-1.64
16/08/2016,-1.76
17/08/2016,-1.87
18/08/2016,-1.91
19/08/2016,-1.96
22/08/2016,-2.02
23/08/2016,-2.07
24/08/2016,-2.12
25/08/2016,-2.18
26/08/2016,-2.24
29/08/2016,-2.3
30/08/2016,-2.36
31/08/2016,-2.41
01/09/2016,-2.43
02/09/2016,-2.45
05/09/2016,-2.45
06/09/2016,-2.46
07/09/2016,-2.45
08/09/2016,-2.42
09/09/2016,-2.38
12/09/2016,-2.34
13/09/2016,-2.29
14/09/2016,-2.23
15/09/2016,-2.15
16/09/2016,-2.06
19/09/2016,-1.96
20/09/2016,-1.85
21/09/2016,-1.75
22/09/2016,-1.64
23/09/2016,-1.53
26/09/2016,-1.41
27/09/2016,-1.3
28/09/2016,-1.22
29/09/2016,-1.12
30/09/2016,-1.02
03/10/2016,-0.92
04/10/2016,-0.81
05/10/2016,-0.69
06/10/2016,-0.6
07/10/2016,-0.51
10/10/2016,-0.41
11/10/2016,-0.34
12/10/2016,-0.26
13/10/2016,-0.19
14/10/2016,-0.12
17/10/2016,-0.06
18/10/2016,0
19/10/2016,0.04
20/10/2016,0.08
21/10/2016,0.11
24/10/2016,0.14
25/10/2016,0.17
26/10/2016,0.17
27/10/2016,0.18
28/10/2016,0.18
31/10/2016,0.18
01/11/2016,0.18
02/11/2016,0.17
03/11/2016,0.14
04/11/2016,0.1
07/11/2016,0.07
08/11/2016,0.03
09/11/2016,-0.01
10/11/2016,-0.04
11/11/2016,-0.08
14/11/2016,-0.12
15/11/2016,-0.17
16/11/2016,-0.2
17/11/2016,-0.19
18/11/2016,-0.18
21/11/2016,-0.16
22/11/2016,-0.15
23/11/2016,-0.13
24/11/2016,-0.1
25/11/2016,-0.07
28/11/2016,-0.04
29/11/2016,-0.01
30/11/2016,0.03
01/12/2016,0.07
02/12/2016,0.11
05/12/2016,0.17
06/12/2016,0.22
07/12/2016,0.26
08/12/2016,0.32
09/12/2016,0.41
12/12/2016,0.49
13/12/2016,0.57
14/12/2016,0.68
15/12/2016,0.79
16/12/2016,0.9
19/12/2016,1.02
20/12/2016,1.16
21/12/2016,1.29
22/12/2016,1.43
23/12/2016,1.58
26/12/2016,1.73
27/12/2016,1.89
28/12/2016,2.01
29/12/2016,2.15
30/12/2016,2.29
02/01/2017,2.42
03/01/2017,2.55
04/01/2017,2.68
05/01/2017,2.78
06/01/2017,2.88
09/01/2017,2.98
10/01/2017,3.08
11/01/2017,3.19
12/01/2017,3.29
13/01/2017,3.39
16/01/2017,3.48
17/01/2017,3.58
18/01/2017,3.65
19/01/2017,3.7
20/01/2017,3.72
23/01/2017,3.73
24/01/2017,3.73
25/01/2017,3.74
26/01/2017,3.75
27/01/2017,3.74
30/01/2017,3.72
31/01/2017,3.7
01/02/2017,3.68
02/02/2017,3.64
03/02/2017,3.59
06/02/2017,3.54
07/02/2017,3.47
08/02/2017,3.4
09/02/2017,3.32
10/02/2017,3.25
13/02/2017,3.18
14/02/2017,3.11
15/02/2017,3.08
16/02/2017,3.05
17/02/2017,3.01
20/02/2017,2.97
21/02/2017,2.93
22/02/2017,2.89
23/02/2017,2.85
24/02/2017,2.82
27/02/2017,2.79
28/02/2017,2.76
01/03/2017,2.74
02/03/2017,2.75
03/03/2017,2.77
06/03/2017,2.78
07/03/2017,2.78
08/03/2017,2.79
09/03/2017,2.8
10/03/2017,2.81
13/03/2017,2.82
14/03/2017,2.84
15/03/2017,2.87
16/03/2017,2.9
17/03/2017,2.93
20/03/2017,2.97
21/03/2017,3
22/03/2017,3.04
23/03/2017,3.09
24/03/2017,3.14
27/03/2017,3.18
28/03/2017,3.2
29/03/2017,3.23
30/03/2017,3.24
31/03/2017,3.26
